-- =====================================================
-- SAMPLE DATA FOR RETAIL STORE DATABASE
-- =====================================================
USE cs6400_fa25_team58;
SET SESSION cte_max_recursion_depth = 1100;

INSERT INTO City (city_name, state, population) VALUES
('Springfield', 'Illinois', 2500000),
('Springfield', 'Missouri', 2800000),
('Portland', 'Maine', 3200000),
('Austin', 'Texas', 3500000),
('Portland', 'Oregon', 4200000),
('Phoenix', 'Arizona', 5500000),
('Philadelphia', 'Pennsylvania', 6100000),
('San Antonio', 'Texas', 6500000),
('Dallas', 'Texas', 7300000),
('Houston', 'Texas', 7800000),
('Miami', 'Florida', 8200000),
('Atlanta', 'Georgia', 8600000),
('Los Angeles', 'California', 13200000),
('Chicago', 'Illinois', 9500000),
('New York', 'New York', 19500000),
('San Francisco', 'California', 9800000);

INSERT INTO Store (store_number, phone_number, street_address, zip_code, locatedcityID) VALUES
('S001', '217-555-0101', '1200 Capital Ave', '62701', 1),
('S002', '417-555-0102', '450 Main Street', '65801', 2),
('S003', '207-555-0103', '890 Congress St', '04101', 3),
('S004', '512-555-0104', '3500 Lamar Blvd', '78705', 4),
('S005', '503-555-0105', '2200 NW Glisan St', '97210', 5),
('S006', '602-555-0106', '7800 E McDowell Rd', '85008', 6),
('S007', '215-555-0107', '5600 Market St', '19139', 7),
('S008', '210-555-0108', '9100 Broadway', '78217', 8),
('S009', '214-555-0109', '12500 N Central Expy', '75243', 9),
('S010', '713-555-0110', '8700 Westheimer Rd', '77063', 10),
('S011', '305-555-0111', '15200 Biscayne Blvd', '33181', 11),
('S012', '404-555-0112', '4400 Peachtree Rd', '30319', 12),
('S013', '323-555-0113', '9800 Venice Blvd', '90034', 13),
('S014', '312-555-0114', '6200 N Milwaukee Ave', '60646', 14),
('S015', '212-555-0115', '2300 Broadway', '10024', 15);

INSERT INTO MembershipType (type_name) VALUES
('Basic'),
('Gold'),
('Platinum'),
('Diamond');

INSERT INTO Membership (memberID, signup_date, signup_store, membership_type) VALUES
('M00001', '2023-01-15', 'S001', 'Basic'),
('M00002', '2023-01-22', 'S002', 'Gold'),
('M00003', '2023-02-10', 'S003', 'Basic'),
('M00004', '2023-02-18', 'S004', 'Platinum'),
('M00005', '2023-03-05', 'S005', 'Diamond'),
('M00006', '2023-03-20', 'S001', 'Basic'),
('M00007', '2023-04-12', 'S006', 'Gold'),
('M00008', '2023-04-25', 'S007', 'Basic'),
('M00009', '2023-05-08', 'S008', 'Platinum'),
('M00010', '2023-05-30', 'S009', 'Basic'),
('M00011', '2023-06-14', 'S010', 'Gold'),
('M00012', '2023-06-28', 'S011', 'Diamond'),
('M00013', '2023-07-10', 'S012', 'Basic'),
('M00014', '2023-07-22', 'S013', 'Platinum'),
('M00015', '2023-08-05', 'S014', 'Gold'),
('M00016', '2023-08-18', 'S015', 'Basic'),
('M00017', '2023-09-03', 'S001', 'Diamond'),
('M00018', '2023-09-15', 'S002', 'Basic'),
('M00019', '2023-09-28', 'S003', 'Gold'),
('M00020', '2023-10-10', 'S004', 'Platinum'),
('M00021', '2023-10-25', 'S005', 'Basic'),
('M00022', '2023-11-08', 'S006', 'Diamond'),
('M00023', '2023-11-20', 'S007', 'Gold'),
('M00024', '2023-11-30', 'S008', 'Basic'),
('M00025', '2023-12-05', 'S009', 'Platinum'),
('M00026', '2023-12-12', 'S010', 'Basic'),
('M00027', '2023-12-18', 'S011', 'Gold'),
('M00028', '2023-12-22', 'S012', 'Diamond'),
('M00029', '2023-12-26', 'S013', 'Basic'),
('M00030', '2023-12-31', 'S014', 'Platinum'),
('M00031', '2024-01-08', 'S015', 'Gold'),
('M00032', '2024-01-20', 'S001', 'Basic'),
('M00033', '2024-02-02', 'S002', 'Diamond'),
('M00034', '2024-02-15', 'S003', 'Platinum'),
('M00035', '2024-02-28', 'S004', 'Basic'),
('M00036', '2024-03-10', 'S005', 'Gold'),
('M00037', '2024-03-22', 'S006', 'Basic'),
('M00038', '2024-04-05', 'S007', 'Diamond'),
('M00039', '2024-04-18', 'S008', 'Platinum'),
('M00040', '2024-05-01', 'S009', 'Basic'),
('M00041', '2024-05-15', 'S010', 'Gold'),
('M00042', '2024-05-28', 'S011', 'Basic'),
('M00043', '2024-06-10', 'S012', 'Platinum'),
('M00044', '2024-06-22', 'S013', 'Diamond'),
('M00045', '2024-07-05', 'S014', 'Basic'),
('M00046', '2024-07-18', 'S015', 'Gold'),
('M00047', '2024-07-30', 'S001', 'Platinum'),
('M00048', '2024-08-12', 'S002', 'Basic'),
('M00049', '2024-08-25', 'S003', 'Diamond'),
('M00050', '2024-09-08', 'S004', 'Gold'),
('M00051', '2024-09-20', 'S005', 'Basic'),
('M00052', '2024-10-02', 'S006', 'Platinum'),
('M00053', '2024-10-15', 'S007', 'Basic'),
('M00054', '2024-10-28', 'S008', 'Gold'),
('M00055', '2024-11-10', 'S009', 'Diamond'),
('M00056', '2024-11-22', 'S010', 'Basic'),
('M00057', '2024-12-01', 'S011', 'Platinum'),
('M00058', '2024-12-08', 'S012', 'Gold'),
('M00059', '2024-12-15', 'S013', 'Basic'),
('M00060', '2024-12-20', 'S014', 'Diamond'),
('M00061', '2024-03-14', 'S015', 'Basic'),
('M00062', '2024-04-25', 'S001', 'Gold'),
('M00063', '2024-06-05', 'S002', 'Platinum'),
('M00064', '2024-07-10', 'S003', 'Basic'),
('M00065', '2024-08-08', 'S004', 'Diamond'),
('M00066', '2024-09-12', 'S005', 'Gold'),
('M00067', '2024-10-18', 'S006', 'Basic'),
('M00068', '2024-11-05', 'S007', 'Platinum'),
('M00069', '2024-12-12', 'S008', 'Diamond'),
('M00070', '2024-12-28', 'S009', 'Gold'),
('M00071', '2025-01-10', 'S010', 'Basic'),
('M00072', '2025-01-25', 'S011', 'Platinum'),
('M00073', '2025-02-08', 'S012', 'Gold'),
('M00074', '2025-02-20', 'S013', 'Diamond'),
('M00075', '2025-03-05', 'S014', 'Basic'),
('M00076', '2025-03-18', 'S015', 'Gold'),
('M00077', '2025-04-02', 'S001', 'Platinum'),
('M00078', '2025-04-15', 'S002', 'Basic'),
('M00079', '2025-05-01', 'S003', 'Diamond'),
('M00080', '2025-05-20', 'S004', 'Gold'),
('M00081', '2025-06-08', 'S005', 'Basic'),
('M00082', '2025-06-25', 'S006', 'Platinum'),
('M00083', '2025-07-10', 'S007', 'Diamond'),
('M00084', '2025-07-28', 'S008', 'Basic'),
('M00085', '2025-08-12', 'S009', 'Gold'),
('M00086', '2025-08-30', 'S010', 'Platinum'),
('M00087', '2025-09-15', 'S011', 'Basic'),
('M00088', '2025-09-28', 'S012', 'Diamond'),
('M00089', '2025-10-10', 'S013', 'Gold'),
('M00090', '2025-10-25', 'S014', 'Basic'),
('M00091', '2025-11-08', 'S015', 'Platinum'),
('M00092', '2025-11-22', 'S001', 'Diamond'),
('M00093', '2025-12-05', 'S002', 'Gold'),
('M00094', '2025-12-15', 'S003', 'Basic'),
('M00095', '2025-12-20', 'S004', 'Platinum'),
('M00096', '2025-03-22', 'S005', 'Gold'),
('M00097', '2025-05-14', 'S006', 'Diamond'),
('M00098', '2025-07-03', 'S007', 'Basic'),
('M00099', '2025-09-18', 'S008', 'Platinum'),
('M00100', '2025-11-30', 'S009', 'Gold');

INSERT INTO Manufacturer (manufacturerID, manufacturer_name, maximum_discount) VALUES
('MFG001', 'TechSound Industries', 0.85),
('MFG002', 'CoolAir Systems', 0.80),
('MFG003', 'ElectroHome Inc', 0.90),
('MFG004', 'PremiumAudio Corp', 0.75),
('MFG005', 'ClimateControl Ltd', 0.82),
('MFG006', 'SonicWave Electronics', 0.88),
('MFG007', 'FrostTech Appliances', 0.78),
('MFG008', 'GlobalSound Systems', 0.86),
('MFG009', 'AirFlow Dynamics', 0.84),
('MFG010', 'PowerSound Technologies', 0.90),
('MFG011', 'ChillMax Products', 0.87),
('MFG012', 'AudioPro Manufacturing', 0.83),
('MFG013', 'TempControl Solutions', 0.89),
('MFG014', 'BassBoost Electronics', 0.81),
('MFG015', 'ArcticBreeze Inc', 0.85),
('MFG016', 'HiFi Innovations', 0.79),
('MFG017', 'CoolZone Technologies', 0.88),
('MFG018', 'MegaSound Corp', 0.90),
('MFG019', 'FreshAir Manufacturing', 0.86),
('MFG020', 'SoundScape Industries', 0.84);

INSERT INTO Product (productID, product_name, retail_price, manufacturerID) VALUES
('P001', 'ProSound Wireless Speaker X1', 299.99, 'MFG001'),
('P002', 'ProSound Bluetooth Speaker S5', 199.99, 'MFG001'),
('P003', 'ProSound Portable Speaker Mini', 89.99, 'MFG001'),
('P004', 'PremiumAudio Tower Speaker 5000', 799.99, 'MFG004'),
('P005', 'PremiumAudio Bookshelf Speaker Duo', 449.99, 'MFG004'),
('P006', 'SonicWave Outdoor Speaker Pro', 349.99, 'MFG006'),
('P007', 'SonicWave Smart Speaker Hub', 279.99, 'MFG006'),
('P008', 'GlobalSound Studio Monitor Pair', 1299.99, 'MFG008'),
('P009', 'PowerSound Party Speaker MAX', 599.99, 'MFG010'),
('P010', 'PowerSound Portable Bluetooth S2', 129.99, 'MFG010'),
('P011', 'AudioPro Conference Speaker', 249.99, 'MFG012'),
('P012', 'BassBoost Subwoofer 12inch', 399.99, 'MFG014'),
('P013', 'HiFi Vintage Speaker Set', 899.99, 'MFG016'),
('P014', 'MegaSound Arena Speaker System', 1899.99, 'MFG018'),
('P015', 'SoundScape Wireless Soundbar', 499.99, 'MFG020'),
('P016', 'CoolAir Window AC 8000BTU', 349.99, 'MFG002'),
('P017', 'CoolAir Portable AC 12000BTU', 499.99, 'MFG002'),
('P018', 'CoolAir Split System 18000BTU', 899.99, 'MFG002'),
('P019', 'ClimateControl Window Unit 10000BTU', 399.99, 'MFG005'),
('P020', 'ClimateControl Portable 14000BTU', 549.99, 'MFG005'),
('P021', 'FrostTech Mini AC 6000BTU', 279.99, 'MFG007'),
('P022', 'AirFlow Central AC System 24000BTU', 1499.99, 'MFG009'),
('P023', 'ChillMax Window AC 9000BTU', 369.99, 'MFG011'),
('P024', 'TempControl Smart AC 15000BTU', 799.99, 'MFG013'),
('P025', 'ArcticBreeze Portable AC 11000BTU', 449.99, 'MFG015'),
('P026', 'CoolZone Window AC 7500BTU', 329.99, 'MFG017'),
('P027', 'FreshAir Split System 20000BTU', 1199.99, 'MFG019'),
('P028', 'ElectroHome Smart TV 55inch', 799.99, 'MFG003'),
('P029', 'ElectroHome 4K TV 65inch', 1299.99, 'MFG003'),
('P030', 'ElectroHome Soundbar Compact', 199.99, 'MFG003'),
('P031', 'TechSound Headphones Wireless', 149.99, 'MFG001'),
('P032', 'PremiumAudio Gaming Headset', 249.99, 'MFG004'),
('P033', 'GlobalSound Microphone Pro', 179.99, 'MFG008'),
('P034', 'PowerSound Amplifier 500W', 899.99, 'MFG010'),
('P035', 'AudioPro Mixer Console Digital', 1499.99, 'MFG012'),
('P036', 'MegaSound DJ Controller', 799.99, 'MFG018'),
('P037', 'ElectroHome Refrigerator 20cu', 1899.99, 'MFG003'),
('P038', 'FrostTech Freezer Chest 15cu', 699.99, 'MFG007'),
('P039', 'ClimateControl Dehumidifier 50pint', 299.99, 'MFG005'),
('P040', 'AirFlow Air Purifier HEPA', 249.99, 'MFG009'),
('P041', 'ChillMax Fan Tower 42inch', 129.99, 'MFG011'),
('P042', 'TempControl Thermostat Smart', 199.99, 'MFG013'),
('P043', 'CoolZone Humidifier Ultrasonic', 89.99, 'MFG017'),
('P044', 'SonicWave Doorbell Camera', 179.99, 'MFG006'),
('P045', 'BassBoost Cable HDMI 10ft', 29.99, 'MFG014'),
('P046', 'HiFi Turntable Vintage', 599.99, 'MFG016'),
('P047', 'SoundScape Home Theater System', 1999.99, 'MFG020'),
('P048', 'FreshAir Ventilation Fan', 149.99, 'MFG019'),
('P049', 'ArcticBreeze Ice Maker Portable', 249.99, 'MFG015'),
('P050', 'TechSound Remote Universal Smart', 49.99, 'MFG001');

INSERT INTO StoreProduct (store_number, productID)
SELECT store_number, productID
FROM Product
CROSS JOIN Store;

INSERT INTO Category (category_name) VALUES
('Speaker'),
('Air Conditioning'),
('Television'),
('Audio Equipment'),
('Home Appliance'),
('Cooling Systems'),
('Smart Home'),
('Entertainment'),
('Climate Control'),
('Kitchen Appliance'),
('Home Theater'),
('Portable Electronics');

INSERT INTO ProductCategory (productID, category_name) VALUES
('P001', 'Speaker'),
('P001', 'Audio Equipment'),
('P001', 'Portable Electronics'),
('P002', 'Speaker'),
('P002', 'Audio Equipment'),
('P003', 'Speaker'),
('P003', 'Portable Electronics'),
('P004', 'Speaker'),
('P004', 'Audio Equipment'),
('P004', 'Home Theater'),
('P005', 'Speaker'),
('P005', 'Audio Equipment'),
('P006', 'Speaker'),
('P006', 'Audio Equipment'),
('P007', 'Speaker'),
('P007', 'Smart Home'),
('P008', 'Speaker'),
('P008', 'Audio Equipment'),
('P009', 'Speaker'),
('P009', 'Entertainment'),
('P010', 'Speaker'),
('P010', 'Portable Electronics'),
('P011', 'Speaker'),
('P011', 'Audio Equipment'),
('P012', 'Speaker'),
('P012', 'Audio Equipment'),
('P012', 'Home Theater'),
('P013', 'Speaker'),
('P013', 'Audio Equipment'),
('P014', 'Speaker'),
('P014', 'Entertainment'),
('P014', 'Home Theater'),
('P015', 'Speaker'),
('P015', 'Audio Equipment'),
('P015', 'Home Theater'),
('P016', 'Air Conditioning'),
('P016', 'Cooling Systems'),
('P016', 'Climate Control'),
('P017', 'Air Conditioning'),
('P017', 'Cooling Systems'),
('P017', 'Portable Electronics'),
('P018', 'Air Conditioning'),
('P018', 'Cooling Systems'),
('P018', 'Climate Control'),
('P019', 'Air Conditioning'),
('P019', 'Cooling Systems'),
('P020', 'Air Conditioning'),
('P020', 'Cooling Systems'),
('P020', 'Portable Electronics'),
('P021', 'Air Conditioning'),
('P021', 'Cooling Systems'),
('P022', 'Air Conditioning'),
('P022', 'Cooling Systems'),
('P022', 'Climate Control'),
('P023', 'Air Conditioning'),
('P023', 'Cooling Systems'),
('P024', 'Air Conditioning'),
('P024', 'Smart Home'),
('P024', 'Climate Control'),
('P025', 'Air Conditioning'),
('P025', 'Cooling Systems'),
('P025', 'Portable Electronics'),
('P026', 'Air Conditioning'),
('P026', 'Cooling Systems'),
('P027', 'Air Conditioning'),
('P027', 'Cooling Systems'),
('P027', 'Climate Control'),
('P028', 'Television'),
('P028', 'Entertainment'),
('P028', 'Smart Home'),
('P029', 'Television'),
('P029', 'Entertainment'),
('P030', 'Audio Equipment'),
('P030', 'Home Theater'),
('P031', 'Audio Equipment'),
('P031', 'Portable Electronics'),
('P032', 'Audio Equipment'),
('P032', 'Entertainment'),
('P033', 'Audio Equipment'),
('P034', 'Audio Equipment'),
('P035', 'Audio Equipment'),
('P036', 'Audio Equipment'),
('P036', 'Entertainment'),
('P037', 'Home Appliance'),
('P037', 'Kitchen Appliance'),
('P038', 'Home Appliance'),
('P038', 'Kitchen Appliance'),
('P039', 'Climate Control'),
('P039', 'Home Appliance'),
('P040', 'Climate Control'),
('P040', 'Home Appliance'),
('P041', 'Cooling Systems'),
('P041', 'Home Appliance'),
('P042', 'Smart Home'),
('P042', 'Climate Control'),
('P043', 'Climate Control'),
('P043', 'Home Appliance'),
('P044', 'Smart Home'),
('P045', 'Audio Equipment'),
('P046', 'Audio Equipment'),
('P046', 'Entertainment'),
('P047', 'Home Theater'),
('P047', 'Audio Equipment'),
('P047', 'Entertainment'),
('P048', 'Cooling Systems'),
('P048', 'Home Appliance'),
('P049', 'Kitchen Appliance'),
('P049', 'Home Appliance'),
('P050', 'Smart Home'),
('P050', 'Entertainment');


INSERT INTO Calendar (calendar_date)
WITH RECURSIVE DateRange AS (
    SELECT CAST('2023-01-01' AS DATE) AS calendar_date
    UNION ALL
    SELECT DATE_ADD(calendar_date, INTERVAL 1 DAY) AS calendar_date 
    FROM DateRange 
    WHERE calendar_date < '2025-12-31'
)
SELECT calendar_date FROM DateRange;


INSERT INTO Holiday (holiday_date, holiday_name) VALUES
('2023-01-01', 'New Year\'s Day'),
('2023-01-16', 'Martin Luther King Jr. Day'),
('2023-02-20', 'Presidents\' Day'),
('2023-05-29', 'Memorial Day'),
('2023-07-04', 'Independence Day'),
('2023-09-04', 'Labor Day'),
('2023-10-09', 'Columbus Day'),
('2023-11-11', 'Veterans Day'),
('2023-11-23', 'Thanksgiving'),
('2023-12-25', 'Christmas'),
('2024-01-01', 'New Year\'s Day'),
('2024-01-15', 'Martin Luther King Jr. Day'),
('2024-02-19', 'Presidents\' Day'),
('2024-05-27', 'Memorial Day'),
('2024-07-04', 'Independence Day'),
('2024-09-02', 'Labor Day'),
('2024-10-14', 'Columbus Day'),
('2024-11-11', 'Veterans Day'),
('2024-11-28', 'Thanksgiving'),
('2024-12-25', 'Christmas'),
('2025-01-01', 'New Year\'s Day'),
('2025-01-20', 'Martin Luther King Jr. Day'),
('2025-02-17', 'Presidents\' Day'),
('2025-05-26', 'Memorial Day'),
('2025-07-04', 'Independence Day'),
('2025-09-01', 'Labor Day'),
('2025-10-13', 'Columbus Day'),
('2025-11-11', 'Veterans Day'),
('2025-11-27', 'Thanksgiving'),
('2025-12-25', 'Christmas');



INSERT INTO OnSale (productID, onsale_date, discount_price) VALUES
('P016', '2023-02-02', 279.99),
('P017', '2023-02-02', 399.99),
('P018', '2023-02-02', 719.99),
('P019', '2024-02-02', 319.99),
('P020', '2024-02-02', 439.99),
('P021', '2024-02-02', 223.99),
('P022', '2025-02-02', 1199.99),
('P023', '2025-02-02', 295.99),
('P024', '2025-02-02', 639.99),
('P001', '2024-03-15', 239.99),
('P002', '2024-03-15', 159.99),
('P003', '2024-06-10', 71.99),
('P004', '2024-06-10', 639.99),
('P005', '2024-09-20', 359.99),
('P006', '2024-09-20', 279.99),
('P007', '2024-11-25', 223.99),
('P008', '2024-11-25', 1039.99),
('P009', '2024-11-25', 479.99),
('P010', '2025-01-15', 103.99),
('P011', '2025-01-15', 199.99),
('P012', '2025-03-20', 319.99),
('P013', '2025-05-12', 719.99),
('P014', '2025-07-04', 1519.99),
('P015', '2025-07-04', 399.99),
('P025', '2024-05-28', 359.99),
('P026', '2024-07-15', 263.99),
('P027', '2024-08-10', 959.99),
('P028', '2024-11-25', 639.99),
('P029', '2024-11-25', 1039.99),
('P037', '2024-09-01', 1519.99),
('P040', '2024-04-20', 199.99),
('P042', '2025-01-10', 159.99),
('P047', '2024-11-25', 1599.99);


INSERT INTO Sale (store_number, productID, sale_date, quantity_sold) VALUES
('S001', 'P001', '2024-03-15', 250),
('S001', 'P001', '2024-03-16', 180),
('S002', 'P001', '2024-03-15', 220),
('S003', 'P001', '2024-04-10', 150),
('S001', 'P002', '2024-03-15', 280),
('S002', 'P002', '2024-03-15', 240),
('S003', 'P002', '2024-03-20', 190),
('S004', 'P004', '2024-06-10', 230),
('S005', 'P004', '2024-06-10', 210),
('S006', 'P004', '2024-06-15', 120),
('S007', 'P008', '2024-11-25', 205),
('S008', 'P008', '2024-11-25', 225),
('S009', 'P008', '2024-11-30', 95),
('S010', 'P009', '2024-11-25', 270),
('S011', 'P009', '2024-11-25', 245),
('S012', 'P009', '2024-12-01', 160),
('S013', 'P014', '2025-07-04', 215),
('S014', 'P014', '2025-07-04', 230),
('S015', 'P014', '2025-07-10', 110),
('S001', 'P003', '2024-06-10', 85),
('S002', 'P003', '2024-06-12', 120),
('S003', 'P005', '2024-09-20', 95),
('S004', 'P005', '2024-09-25', 75),
('S005', 'P006', '2024-09-20', 110),
('S006', 'P006', '2024-10-05', 85),
('S007', 'P007', '2024-11-25', 130),
('S008', 'P007', '2024-12-01', 90),
('S009', 'P010', '2025-01-15', 145),
('S010', 'P010', '2025-01-20', 100),
('S011', 'P011', '2025-01-15', 115),
('S012', 'P011', '2025-02-01', 80),
('S013', 'P012', '2025-03-20', 125),
('S014', 'P012', '2025-03-28', 95),
('S015', 'P013', '2025-05-12', 90),
('S001', 'P013', '2025-05-18', 65),
('S002', 'P015', '2025-07-04', 135),
('S003', 'P015', '2025-07-12', 105),
('S001', 'P016', '2023-02-02', 45),
('S002', 'P016', '2023-02-05', 38),
('S003', 'P017', '2023-02-02', 52),
('S004', 'P017', '2023-02-08', 41),
('S005', 'P018', '2023-02-02', 28),
('S006', 'P018', '2023-02-10', 22),
('S007', 'P019', '2024-02-02', 48),
('S008', 'P019', '2024-02-06', 35),
('S009', 'P020', '2024-02-02', 55),
('S010', 'P020', '2024-02-09', 42),
('S011', 'P021', '2024-02-02', 60),
('S012', 'P021', '2024-02-12', 48),
('S013', 'P022', '2025-02-02', 18),
('S014', 'P022', '2025-02-08', 15),
('S015', 'P023', '2025-02-02', 50),
('S001', 'P023', '2025-02-10', 38),
('S002', 'P024', '2025-02-02', 32),
('S003', 'P024', '2025-02-11', 25),
('S004', 'P025', '2024-05-28', 58),
('S005', 'P025', '2024-06-05', 44),
('S006', 'P026', '2024-07-15', 62),
('S007', 'P026', '2024-07-20', 50),
('S008', 'P027', '2024-08-10', 24),
('S009', 'P027', '2024-08-18', 19),
('S010', 'P028', '2024-11-25', 85),
('S011', 'P028', '2024-11-30', 65),
('S012', 'P029', '2024-11-25', 72),
('S013', 'P029', '2024-12-02', 58),
('S014', 'P030', '2024-10-15', 95),
('S015', 'P031', '2024-09-10', 120),
('S001', 'P032', '2024-08-20', 88),
('S002', 'P033', '2024-07-15', 75),
('S003', 'P034', '2024-06-08', 42),
('S004', 'P035', '2024-05-12', 28),
('S005', 'P036', '2024-04-18', 55),
('S006', 'P037', '2024-09-01', 32),
('S007', 'P037', '2024-09-10', 25),
('S008', 'P038', '2024-08-05', 48),
('S009', 'P039', '2024-07-22', 65),
('S010', 'P040', '2024-04-20', 78),
('S011', 'P040', '2024-04-28', 62),
('S012', 'P041', '2024-06-15', 92),
('S013', 'P042', '2025-01-10', 105),
('S014', 'P042', '2025-01-18', 85),
('S015', 'P043', '2024-11-12', 110),
('S001', 'P044', '2024-10-05', 88),
('S002', 'P045', '2024-09-18', 250),
('S003', 'P046', '2024-08-22', 45),
('S004', 'P047', '2024-11-25', 38),
('S005', 'P047', '2024-12-05', 28),
('S006', 'P048', '2024-07-08', 72),
('S007', 'P049', '2024-06-20', 58),
('S008', 'P050', '2024-05-25', 135),
('S009', 'P001', '2024-05-10', 95),
('S010', 'P002', '2024-07-18', 110),
('S011', 'P004', '2024-08-25', 68),
('S012', 'P006', '2024-09-12', 82),
('S013', 'P008', '2024-10-20', 55),
('S014', 'P009', '2024-06-28', 92),
('S015', 'P012', '2025-04-15', 78),
('S001', 'P014', '2025-08-08', 65),
('S002', 'P015', '2025-06-22', 88),
('S003', 'P016', '2023-06-10', 52),
('S004', 'P018', '2023-07-15', 35),
('S005', 'P019', '2024-06-18', 48),
('S006', 'P020', '2024-07-25', 55),
('S007', 'P022', '2025-05-12', 22),
('S008', 'P024', '2025-06-08', 38),
('S009', 'P028', '2024-12-15', 72),
('S010', 'P029', '2025-01-22', 58),
('S011', 'P037', '2024-10-30', 28),
('S012', 'P040', '2024-08-14', 65),
('S013', 'P047', '2024-12-20', 32);

-- =====================================================
-- END OF SAMPLE DATA
-- =====================================================
